ze1aza@gmail.com,zk1ezz
cz1llz@gmail.com,1azczz
zk21zc@gmail.com,22aee1
ckkzze@gmail.com,zzkkkz
e2zzcz@gmail.com,akkal2
caccec@gmail.com,kckzza
zz1akc@gmail.com,kc1cak
zccccl@gmail.com,aezz2l
ec2e1c@gmail.com,a1lkzk
1la2ec@gmail.com,zaacez
clzekc@gmail.com,zeccca
clcael@gmail.com,zallac
cal1z2@gmail.com,lzecl2
l1czzl@gmail.com,ecczlk
czccce@gmail.com,kcckza
e12z21@gmail.com,2cclzc
2accaz@gmail.com,212kle
zzzzlc@gmail.com,kacckl
cz2aaz@gmail.com,kkkaac
2zlc2e@gmail.com,ze1kze
zzezcc@gmail.com,azczll
ec1z22@gmail.com,lce2ca
cccccc@gmail.com,2az1cl
kzz1ak@gmail.com,czzzck
21ekc1@gmail.com,1aczl2
zk2k2z@gmail.com,2lzlca
z2lkkc@gmail.com,zczzzc
z2ezle@gmail.com,ck1lke
eckz1l@gmail.com,czzelz
zl1a12@gmail.com,kazae1
1c2e1c@gmail.com,zc2eke
klkz22@gmail.com,zczzk1
eccakc@gmail.com,l1zecl
lakzz2@gmail.com,ccecze
lakzz2@gmail.com,ccecze
lezlal@gmail.com,ecczca
lezlal@gmail.com,ecczca
kez11l@gmail.com,zcaack
kez11l@gmail.com,zcaack
ekcc1l@gmail.com,l1lezk
ekcc1l@gmail.com,l1lezk
alzkce@gmail.com,zca1ee
2al21z@gmail.com,caczzc
ak21cz@gmail.com,22zll1
2al21z@gmail.com,caczzc
ak21cz@gmail.com,22zll1
czlclc@gmail.com,cccec2
czlclc@gmail.com,cccec2
ze2zal@gmail.com,kk2lec
2zkl12@gmail.com,azc2kl
eez2ea@gmail.com,c2eace
ze2zal@gmail.com,kk2lec
12k2lz@gmail.com,ceac2k
alzkce@gmail.com,zca1ee
eez2ea@gmail.com,c2eace
12k2lz@gmail.com,ceac2k
e2lale@gmail.com,cc1kka
e2lale@gmail.com,cc1kka
zlc1la@gmail.com,a1z1kl
zclakz@gmail.com,c1c1zc
zeke1a@gmail.com,kzczac
za2clz@gmail.com,zac2ll
caekz2@gmail.com,a2zzz1
2zkl12@gmail.com,azc2kl
aclle2@gmail.com,cczc1c
zclakz@gmail.com,c1c1zc
z11ccc@gmail.com,2lckce
zeke1a@gmail.com,kzczac
aclle2@gmail.com,cczc1c
zzccck@gmail.com,c1llce
zce21c@gmail.com,c2ezaa
za2clz@gmail.com,zac2ll
zeklzz@gmail.com,a1ll2c
caekz2@gmail.com,a2zzz1
zzccck@gmail.com,c1llce
zce21c@gmail.com,c2ezaa
zlc1la@gmail.com,a1z1kl
zeklzz@gmail.com,a1ll2c
z11ccc@gmail.com,2lckce
ca1azc@gmail.com,1a1kak
ca1azc@gmail.com,1a1kak
cklzka@gmail.com,caecaa
cklzka@gmail.com,caecaa
llz22z@gmail.com,elcc2c
l2aez1@gmail.com,aczak2
llz22z@gmail.com,elcc2c
za2ala@gmail.com,kccl1c
za2ala@gmail.com,kccl1c
2l2lzc@gmail.com,lczezl
2ca1le@gmail.com,1laa2c
l2aez1@gmail.com,aczak2
c2cce2@gmail.com,zccckc
2l2lzc@gmail.com,lczezl
c2cce2@gmail.com,zccckc
2ca1le@gmail.com,1laa2c
elelal@gmail.com,zak22c
elelal@gmail.com,zak22c
2zczkc@gmail.com,aa21az
2zczkc@gmail.com,aa21az
ekz1cc@gmail.com,ezkeez
ekz1cc@gmail.com,ezkeez
z2ea2z@gmail.com,clka1l
z2ea2z@gmail.com,clka1l
zcekc2@gmail.com,ceeza1
ccclkz@gmail.com,2l1kea
la21z2@gmail.com,a1cccz
ccclkz@gmail.com,2l1kea
zcekc2@gmail.com,ceeza1
la21z2@gmail.com,a1cccz
akcl1e@gmail.com,czllzz
akcl1e@gmail.com,czllzz
1k2az2@gmail.com,1zzzea
1ccl2c@gmail.com,a2e1a2
1ccl2c@gmail.com,a2e1a2
2c2c2e@gmail.com,a1zlaa
2c2c2e@gmail.com,a1zlaa
kz1la2@gmail.com,2ezcac
kz1la2@gmail.com,2ezcac
1k2az2@gmail.com,1zzzea
kzckzz@gmail.com,zzkkcc
kzckzz@gmail.com,zzkkcc
allc2k@gmail.com,ezeccz
z1ae2z@gmail.com,1cc2ka
allc2k@gmail.com,ezeccz
z1ae2z@gmail.com,1cc2ka
ez12z2@gmail.com,2zcke2
ez12z2@gmail.com,2zcke2
cklkze@gmail.com,1czlc1
cklkze@gmail.com,1czlc1
22zcz2@gmail.com,zal1e1
22zcz2@gmail.com,zal1e1
ezz1ze@gmail.com,ccekaa
ezz1ze@gmail.com,ccekaa
czckak@gmail.com,zez2k2
czckak@gmail.com,zez2k2
ac1kzl@gmail.com,2c2cc2
ac1kzl@gmail.com,2c2cc2
caeaaz@gmail.com,zkacek
zekzce@gmail.com,e2ck2a
caeaaz@gmail.com,zkacek
akl2ez@gmail.com,k2cezk
aazzzc@gmail.com,aezcca
1kkccz@gmail.com,kzk22z
aazzzc@gmail.com,aezcca
akl2ez@gmail.com,k2cezk
1kkccz@gmail.com,kzk22z
lkceal@gmail.com,e1lzzz
laecel@gmail.com,c1ceal
laecel@gmail.com,c1ceal
ka1zkc@gmail.com,cck1cz
ka1zkc@gmail.com,cck1cz
lkceal@gmail.com,e1lzzz
ezz2zl@gmail.com,clzzae
zelkke@gmail.com,22zllc
zelkke@gmail.com,22zllc
ezz2zl@gmail.com,clzzae
1kzac1@gmail.com,z2z111
zekzce@gmail.com,e2ck2a
1kzac1@gmail.com,z2z111
22zz1c@gmail.com,lcac2c
lz2zkl@gmail.com,l2kcla
lz2zkl@gmail.com,l2kcla
2alekz@gmail.com,cczel1
2alekz@gmail.com,cczel1
22zz1c@gmail.com,lcac2c
azzeac@gmail.com,c2cezc
azzeac@gmail.com,c2cezc
kazez2@gmail.com,ke21kz
2aeal2@gmail.com,lzkle1
kz2lea@gmail.com,ckc21z
lez1kl@gmail.com,cezczl
12kc2a@gmail.com,a2ccc1
z12ekc@gmail.com,elz2cc
zckzcz@gmail.com,1lzczl
1czzel@gmail.com,eke11z
zecc2l@gmail.com,c1akez
zazakk@gmail.com,l2ckzl
czzecz@gmail.com,2l2l1k
cekczk@gmail.com,zalc2k
ec2az2@gmail.com,zcaezc
l2zzza@gmail.com,zz1kec
1c1ze1@gmail.com,lclklk
e1ckz2@gmail.com,1zz1le
1z1lzc@gmail.com,zczaa2
llelaz@gmail.com,czkca2
lkzzla@gmail.com,lll2cl
e1zck1@gmail.com,lazkkl
ze2zac@gmail.com,zcczzk
2lecea@gmail.com,c2zela
ecl2lk@gmail.com,zezc1c
21e2lc@gmail.com,llcc1z
azck1c@gmail.com,alzlc2
laalcz@gmail.com,c1zala
azkkza@gmail.com,zl1ekc
zlezkz@gmail.com,ecace1
z2zzz1@gmail.com,zcce2c
kkccle@gmail.com,za2ccl
2lcczz@gmail.com,zaecec
c21kka@gmail.com,zakzcz
ek2ckz@gmail.com,ze1zek
kkz1az@gmail.com,clzlzc
kz2zl1@gmail.com,elezz1
zkl1ck@gmail.com,1ez2a1
acakc1@gmail.com,c2ezlc
cza1ac@gmail.com,1lz2z1
11zkcc@gmail.com,zcllzz
zkeck1@gmail.com,eeacec
za1cza@gmail.com,ec1eac
z1zkaz@gmail.com,a2kacz
kakeze@gmail.com,zzca1a
zlc1la@gmail.com,aace12
kze2kz@gmail.com,1kzlze
1elaa1@gmail.com,kezlck
zczklc@gmail.com,acecce
e21czz@gmail.com,caaclc
ze2k1z@gmail.com,1azeee
ee2ccz@gmail.com,kc1cck
ccez2e@gmail.com,ezcc2z
k1ezzz@gmail.com,lzlc1c
lzz11z@gmail.com,aze2cc
1e2l2c@gmail.com,kkccza
zklcal@gmail.com,e211l1
ae1z1k@gmail.com,e12ec1
l2cze1@gmail.com,ec1z2z
kclekc@gmail.com,zkczlz
zzak12@gmail.com,ckczzl
ccz2zz@gmail.com,lcaez1
a1aczz@gmail.com,cezcc2
12kkzz@gmail.com,2ezk1k
ez1zcz@gmail.com,klzzll
1l1zc1@gmail.com,cc1k1l
cckzaz@gmail.com,kckcza
zcalea@gmail.com,elaa11
zczkez@gmail.com,cakcz1
azlccz@gmail.com,kalkk1
11zcee@gmail.com,ezczzz
a221ee@gmail.com,aeklla
c2lczc@gmail.com,ela1ea
ezze1k@gmail.com,cea1l2
ekkcza@gmail.com,lezkzl
zkzcza@gmail.com,eck21e
kzazck@gmail.com,2elzaz
zacelz@gmail.com,zckekz
zaz1cc@gmail.com,lz21ez
ccalaz@gmail.com,kcczle
czaeel@gmail.com,2z1lck
1cazca@gmail.com,cezac2
eczel2@gmail.com,2zzl2z
zz1cac@gmail.com,1clkc1
ckckz2@gmail.com,ezzk11
2aeez2@gmail.com,1lkc1a
kae1ae@gmail.com,ccklaz
keaz2l@gmail.com,1lklc1
lc222z@gmail.com,zlz1cc
cc12ca@gmail.com,ezz2la
lz12zc@gmail.com,2z111a
1cce12@gmail.com,2lzzac
zz1ce2@gmail.com,lez2za
22k2az@gmail.com,1cz2k1
c1c1ek@gmail.com,lz2c12
e2eeka@gmail.com,1lla1z
1ceace@gmail.com,zzczlz
ka1ez1@gmail.com,2zkkca
c2zz2a@gmail.com,llcc1c
2kcacz@gmail.com,ck1l1c
ezcccz@gmail.com,ezazee
cacckc@gmail.com,lze11e
c1cccz@gmail.com,kc2ezc
acc1kc@gmail.com,11c2al
ckzec2@gmail.com,zaccza
zzzkce@gmail.com,2l12aa
zeceaz@gmail.com,11czz1
ellc2e@gmail.com,z1a2cl
ecaaac@gmail.com,eek11l
2lzcac@gmail.com,12c2zk
zzl21z@gmail.com,elzcel
lzczaz@gmail.com,cz1eza
cke2e1@gmail.com,eczc2c
zeeckc@gmail.com,ea2cck
lcezkc@gmail.com,2c2a2c
ckz211@gmail.com,eaaczk
czle22@gmail.com,lz2lcc
ccal2k@gmail.com,a1ccee
az2zc2@gmail.com,a2azez
c21zlk@gmail.com,2aalzc
azzlez@gmail.com,ck1k1k
z2kc2a@gmail.com,a2zzal
1zczl1@gmail.com,ckzla1
ckkccc@gmail.com,cl1zla
a2azck@gmail.com,zezeka
eleezc@gmail.com,ca211a
e221ek@gmail.com,kcc2cc
zzeazz@gmail.com,c1kaaz
2ze2kz@gmail.com,zc2czk
zelzl2@gmail.com,c1k2ce
e2ekee@gmail.com,zzczk1
ca22za@gmail.com,lczckz
ezlk12@gmail.com,zckccz
zl2z2a@gmail.com,az2ccz
cea1kk@gmail.com,e2c2ke
1k1a1l@gmail.com,kccaea
kzezlc@gmail.com,2zlekz
2cczce@gmail.com,ee1kac
zccca2@gmail.com,kzzekz
ccllk2@gmail.com,zzzl2z
cz1llc@gmail.com,aceckz
celeck@gmail.com,kl2zce
1k1c2k@gmail.com,2clccl
ecelca@gmail.com,cel22a
2ec211@gmail.com,l1aec1
kleeae@gmail.com,a2elze
c2zk1z@gmail.com,k12kkc
c2zezk@gmail.com,cce2zc
kazlll@gmail.com,cklack
2clcl1@gmail.com,1zkzcc
e1zcez@gmail.com,1kec1z
z1k2kk@gmail.com,zclcz2
zlzakl@gmail.com,1kezkz
e2eaaz@gmail.com,leacle
1kae1k@gmail.com,lzkllz
1z1e1z@gmail.com,lcal2l
eez2kz@gmail.com,ceklce
e2a2e2@gmail.com,kz1c2k
acz1kz@gmail.com,z21lke
ca211z@gmail.com,k2lc1c
ezkza2@gmail.com,zzczck
2zl2c2@gmail.com,2lzec2
1a2kzk@gmail.com,1z1ekk
1eal11@gmail.com,ackc2z
zckk2l@gmail.com,ecz1ec
e2cl1a@gmail.com,kkccce
ez11aa@gmail.com,1cezz2
czeacl@gmail.com,z1zlk1
czl1ac@gmail.com,1elczz
azacae@gmail.com,zzzczz
z2c12k@gmail.com,2zccec
ezkklk@gmail.com,z2kcka
z2llez@gmail.com,1a1c1z
kzee2e@gmail.com,zkzecc
az11kc@gmail.com,c2kcaz
k2el11@gmail.com,zealke
kzcc2e@gmail.com,zzeea2
ce1ezz@gmail.com,zazelc
celkee@gmail.com,kk1ezc
ec2kcl@gmail.com,2calze
zaaczk@gmail.com,elaz1a
cccezc@gmail.com,kzl1ck
zaz1e2@gmail.com,ez1eae
zc1c1z@gmail.com,ekcllz
cl1kcc@gmail.com,22c1ea
2kzczl@gmail.com,1zcacc
ckcl2a@gmail.com,2cz1kc
zcclcc@gmail.com,ecl2az
cczlzc@gmail.com,2lkkek
e1cccz@gmail.com,1akecc
c2aa1e@gmail.com,kazzc2
e2clk2@gmail.com,k2lzce
aeccle@gmail.com,kk2cec
zck1ka@gmail.com,kllkce
kkaec1@gmail.com,zkkecz
zekkec@gmail.com,eekc1z
zclck2@gmail.com,a1azce
kceazk@gmail.com,lklkzc
kelccz@gmail.com,el1el1
zkzlae@gmail.com,zc2c2z
ceazzz@gmail.com,e1clcl
czacle@gmail.com,acz2zc
ekaacc@gmail.com,z1zlec
lzk1ke@gmail.com,lzcecz
zczzcl@gmail.com,kccala
llcle2@gmail.com,21ezla
azcacz@gmail.com,e2eczk
a2l21z@gmail.com,klelac
kez1cz@gmail.com,1zkkkc
zzczc1@gmail.com,cczzel
zzzc1l@gmail.com,el1k22
a22cec@gmail.com,kzzaze
zl2zll@gmail.com,e2ck2c
1zla2k@gmail.com,ccck2a
l1eacl@gmail.com,kazc11
l1eacl@gmail.com,kazc11
cezzce@gmail.com,az1l1z
az2zc2@gmail.com,12z2ck
cezzce@gmail.com,az1l1z
221l2k@gmail.com,aklzzl
az2zc2@gmail.com,12z2ck
221l2k@gmail.com,aklzzl
kc1ccl@gmail.com,kzacl1
kc1ccl@gmail.com,kzacl1
zeezca@gmail.com,cc2eae
kce2zz@gmail.com,klc2ke
zeezca@gmail.com,cc2eae
kce2zz@gmail.com,klc2ke
eal11z@gmail.com,czzzae
z11zee@gmail.com,e21aec
eal11z@gmail.com,czzzae
z11zee@gmail.com,e21aec
zcezlc@gmail.com,czzaal
zcezlc@gmail.com,czzaal
1azkcc@gmail.com,zcak2c
lzlelc@gmail.com,2a22kl
1azkcc@gmail.com,zcak2c
lzlelc@gmail.com,2a22kl
z1ekak@gmail.com,c2kaec
z1ekak@gmail.com,c2kaec
caz1cl@gmail.com,a1ez1c
a2zezk@gmail.com,2zllze
zcklzz@gmail.com,2ze2a1
22lzee@gmail.com,1ckzcc
zca2ck@gmail.com,1ce2ck
eczkee@gmail.com,zcl1el
l1claz@gmail.com,2accaa
l1claz@gmail.com,2accaa
e1ac2k@gmail.com,kza1cl
1zzz2a@gmail.com,ccc2zc
1zzz2a@gmail.com,ccc2zc
lzkzcz@gmail.com,zaz21k
cl2kez@gmail.com,e2az2z
cl2kez@gmail.com,e2az2z
zcecz1@gmail.com,l21kk2
zcecz1@gmail.com,l21kk2
cezkc1@gmail.com,c1kkc1
azkcz2@gmail.com,cac1ll
lc12ce@gmail.com,aklcc1
lc12ce@gmail.com,aklcc1
zc1a1c@gmail.com,1zzecz
1zkzcl@gmail.com,kczecl
ezzccl@gmail.com,kc1cez
1zkzcl@gmail.com,kczecl
cllccz@gmail.com,zzc1lz
cllccz@gmail.com,zzc1lz
eezall@gmail.com,czclez
1ll2ak@gmail.com,aaaz2z
1ll2ak@gmail.com,aaaz2z
eezall@gmail.com,czclez
kzzc2e@gmail.com,klczz1
kzzc2e@gmail.com,klczz1
ceclcc@gmail.com,czka1z
kzcac2@gmail.com,zl11z2
ceclcc@gmail.com,czka1z
a2laz2@gmail.com,lczclc
kzcac2@gmail.com,zl11z2
a2laz2@gmail.com,lczclc
z12k2a@gmail.com,zl2a1c
z12k2a@gmail.com,zl2a1c
zzzkzc@gmail.com,2e221l
2lczac@gmail.com,l22eza
e11l1c@gmail.com,zk2kz2
2lczac@gmail.com,l22eza
zzzkzc@gmail.com,2e221l
azazla@gmail.com,1eekkz
azazla@gmail.com,1eekkz
2zz12l@gmail.com,2eka21
2c2lcc@gmail.com,z11ccz
2zz12l@gmail.com,2eka21
2c2lcc@gmail.com,z11ccz
22eklc@gmail.com,ac2lze
22eklc@gmail.com,ac2lze
zzlce2@gmail.com,zea1a2
1acc21@gmail.com,clkzaz
zzlce2@gmail.com,zea1a2
1acc21@gmail.com,clkzaz
c1zzec@gmail.com,121ccz
c1zzec@gmail.com,121ccz
ekc2a2@gmail.com,2lkaae
ekc2a2@gmail.com,2lkaae
ecc2aa@gmail.com,k2zczz
lec2zc@gmail.com,al22kc
lec2zc@gmail.com,al22kc
l2cecl@gmail.com,c1zczz
l2cecl@gmail.com,c1zczz
1ekez1@gmail.com,2zazal
laee21@gmail.com,ckz11a
laee21@gmail.com,ckz11a
zc2acz@gmail.com,kecl1c
zc2acz@gmail.com,kecl1c
zzak2c@gmail.com,2ckezk
cccclc@gmail.com,e2zacz
czza2k@gmail.com,cczccl
czza2k@gmail.com,cczccl
ckaclc@gmail.com,zcc2ce
zaaz22@gmail.com,llz2zz
zac1lz@gmail.com,cl2aea
zecc1c@gmail.com,1zaeek
zac1lz@gmail.com,cl2aea
zecc1c@gmail.com,1zaeek
1zzzck@gmail.com,zl21zk
ezzze2@gmail.com,ckccce
1zzzck@gmail.com,zl21zk
ezzze2@gmail.com,ckccce
2leezl@gmail.com,2cezl2
2leezl@gmail.com,2cezl2
kczcz2@gmail.com,1zaalk
kczcz2@gmail.com,1zaalk
lc1ca2@gmail.com,aklcl1
lc1ca2@gmail.com,aklcl1
1lkzcz@gmail.com,eezece
eccaee@gmail.com,2zlkee
1l22e2@gmail.com,ekzacl
1lkzcz@gmail.com,eezece
eccaee@gmail.com,2zlkee
1l22e2@gmail.com,ekzacl
zzke2z@gmail.com,k121e2
zzke2z@gmail.com,k121e2
clk1ck@gmail.com,z2zcz1
clk1ck@gmail.com,z2zcz1
1cc2ca@gmail.com,ck2azz
1cc2ca@gmail.com,ck2azz
1z2z21@gmail.com,la1zae
1kckzc@gmail.com,zacllk
c1c2kc@gmail.com,kka1c2
1z2z21@gmail.com,la1zae
1kckzc@gmail.com,zacllk
c1c2kc@gmail.com,kka1c2
kezllk@gmail.com,z1alec
kezllk@gmail.com,z1alec
zzezck@gmail.com,z11akz
zzezck@gmail.com,z11akz
22czc2@gmail.com,21cc2c
ec2c21@gmail.com,lc2elk
22czc2@gmail.com,21cc2c
ec2c21@gmail.com,lc2elk
el2ea1@gmail.com,k12lz2
el2ea1@gmail.com,k12lz2
clk2le@gmail.com,z2kkaz
clk2le@gmail.com,z2kkaz
aa1lec@gmail.com,ez2kac
aa1lec@gmail.com,ez2kac
cllec1@gmail.com,2cza1l
12lazz@gmail.com,cceaka
12lazz@gmail.com,cceaka
kclczz@gmail.com,aca2ck
kclczz@gmail.com,aca2ck
zal21c@gmail.com,ezc12z
zal21c@gmail.com,ezc12z
zcek2k@gmail.com,1aczec
zcek2k@gmail.com,1aczec
z1zzec@gmail.com,eak2ez
z1zzec@gmail.com,eak2ez
zeclzz@gmail.com,22al21
zeclzz@gmail.com,22al21
z1ecza@gmail.com,1aazaz
z1ecza@gmail.com,1aazaz
zelezc@gmail.com,1accke
zelezc@gmail.com,1accke
kazkc1@gmail.com,zlccck
kazkc1@gmail.com,zlccck
aeallz@gmail.com,ezzccl
aeallz@gmail.com,ezzccl
czeezz@gmail.com,eczlze
czeezz@gmail.com,eczlze
lc1ckc@gmail.com,cclaze
lc1ckc@gmail.com,cclaze
ceeezz@gmail.com,z2cl2z
ceeezz@gmail.com,z2cl2z
c2lckl@gmail.com,c2aeek
c2lckl@gmail.com,c2aeek
2az2zl@gmail.com,ll2acz
2az2zl@gmail.com,ll2acz
1zk12z@gmail.com,22alzl
1zk12z@gmail.com,22alzl
kezaec@gmail.com,1c1l2c
kezaec@gmail.com,1c1l2c
zaakcz@gmail.com,lezkcl
zaakcz@gmail.com,lezkcl
e2kkaa@gmail.com,eelzee
e2kkaa@gmail.com,eelzee
e1e1ck@gmail.com,zl22za
e1e1ck@gmail.com,zl22za
1eccz2@gmail.com,zlecll
1eccz2@gmail.com,zlecll
1lzzec@gmail.com,1c2kcc
1lzzec@gmail.com,1c2kcc
cz2z1a@gmail.com,ccezzc
cz2z1a@gmail.com,ccezzc
lzc2e2@gmail.com,ll1ca2
lzc2e2@gmail.com,ll1ca2
zzceal@gmail.com,eeacaa
zzceal@gmail.com,eeacaa
1za1ke@gmail.com,z2lekz
1za1ke@gmail.com,z2lekz
acclac@gmail.com,zc1l2c
acclac@gmail.com,zc1l2c
ccckzk@gmail.com,caecze
ccckzk@gmail.com,caecze
akcc22@gmail.com,akczc2
akcc22@gmail.com,akczc2
2zzze2@gmail.com,zcz2kc
2zzze2@gmail.com,zcz2kc
czk2c1@gmail.com,zazaa2
czk2c1@gmail.com,zazaa2
21eek2@gmail.com,e1cl2l
21eek2@gmail.com,e1cl2l
kz1zck@gmail.com,zlc11a
z1ca2a@gmail.com,1a21zc
z1ca2a@gmail.com,1a21zc
kz1zck@gmail.com,zlc11a
c1kklz@gmail.com,kc1cze
c1kklz@gmail.com,kc1cze
1zakz1@gmail.com,kezc2k
1zakz1@gmail.com,kezc2k
lzc2cz@gmail.com,1c1cll
lzc2cz@gmail.com,1c1cll
zzzzzk@gmail.com,eeaece
zzzzzk@gmail.com,eeaece
eaa2ac@gmail.com,zz2c1z
eaa2ac@gmail.com,zz2c1z
lc1c1c@gmail.com,lzzca1
lc1c1c@gmail.com,lzzca1
zazczz@gmail.com,alk2ae
zazczz@gmail.com,alk2ae
ak2cal@gmail.com,kel1zk
ak2cal@gmail.com,kel1zk
zcc2zc@gmail.com,czakcz
zcc2zc@gmail.com,czakcz
1zccez@gmail.com,caeeza
aa2kez@gmail.com,azazec
aeclkz@gmail.com,1zzelz
aeclkz@gmail.com,1zzelz
aa2kez@gmail.com,azazec
1zzzl1@gmail.com,2cezce
1zccez@gmail.com,caeeza
1zzzl1@gmail.com,2cezce
1cczcc@gmail.com,cezccc
1cczcc@gmail.com,cezccc
11ckke@gmail.com,c112az
l1a21k@gmail.com,lcllll
l1a21k@gmail.com,lcllll
11ckke@gmail.com,c112az
1zzz1c@gmail.com,klkckz
z22alc@gmail.com,c2kle1
1zzz1c@gmail.com,klkckz
z22alc@gmail.com,c2kle1
zkklza@gmail.com,2ea1c2
1z21ze@gmail.com,eee2ck
1z21ze@gmail.com,eee2ck
zkklza@gmail.com,2ea1c2
e21alc@gmail.com,2clzkz
zlaaac@gmail.com,zzc1za
zlaaac@gmail.com,zzc1za
e21alc@gmail.com,2clzkz
c1az2z@gmail.com,alcckl
2lkacz@gmail.com,1zlek2
c1az2z@gmail.com,alcckl
kekzc1@gmail.com,caacce
kekzc1@gmail.com,caacce
2lkacz@gmail.com,1zlek2
1e1zk1@gmail.com,k222cz
ck2z1c@gmail.com,z1kzz1
ck2z1c@gmail.com,z1kzz1
1e1zk1@gmail.com,k222cz
leca2c@gmail.com,2222e2
leca2c@gmail.com,2222e2
kalczz@gmail.com,zaza2e
kalczz@gmail.com,zaza2e
zk22az@gmail.com,zlkeak
zk22az@gmail.com,zlkeak
l2zae1@gmail.com,aczzae
2clc2e@gmail.com,k1lzzl
l2zae1@gmail.com,aczzae
2clc2e@gmail.com,k1lzzl
zec112@gmail.com,cc2la2
cacccc@gmail.com,zczeea
lezezz@gmail.com,1zzlca
ack2kc@gmail.com,2ckkka
zzzccc@gmail.com,zcclce
lezezz@gmail.com,1zzlca
zec112@gmail.com,cc2la2
zzzccc@gmail.com,zcclce
zcclze@gmail.com,lzcz2l
zz2c1c@gmail.com,clk2ze
zcclze@gmail.com,lzcz2l
zz2c1c@gmail.com,clk2ze
2ezzca@gmail.com,c1czcz
czelel@gmail.com,azezll
zacez1@gmail.com,zzzcz2
2ezzca@gmail.com,c1czcz
zacez1@gmail.com,zzzcz2
cacccc@gmail.com,zczeea
2cc2lz@gmail.com,zzzc1z
2cc2lz@gmail.com,zzzc1z
czelel@gmail.com,azezll
1c2zz1@gmail.com,zklz1c
azzzz2@gmail.com,zel11e
azzzz2@gmail.com,zel11e
1c2zz1@gmail.com,zklz1c
l2lcz1@gmail.com,zckc2k
lck11z@gmail.com,2lzlzc
kk12el@gmail.com,eckazc
2a1eel@gmail.com,llllcc
lck11z@gmail.com,2lzlzc
2a1eel@gmail.com,llllcc
kk12el@gmail.com,eckazc
clzazc@gmail.com,2ezzzl
c12z2c@gmail.com,z21lzc
clzazc@gmail.com,2ezzzl
l2lcz1@gmail.com,zckc2k
c12z2c@gmail.com,z21lzc
2cczzl@gmail.com,zlzca2
11kaek@gmail.com,lekaz2
lkz1ka@gmail.com,l2z1cc
11kaek@gmail.com,lekaz2
2cczzl@gmail.com,zlzca2
lkz1ka@gmail.com,l2z1cc
ack2kc@gmail.com,2ckkka
1zklze@gmail.com,cz1zez
1zklze@gmail.com,cz1zez
czczlz@gmail.com,zzal22
zacz2k@gmail.com,zlzk12
zacz2k@gmail.com,zlzk12
al11aa@gmail.com,al1c2l
al11aa@gmail.com,al1c2l
azccze@gmail.com,zeczka
za1zzz@gmail.com,llzllc
za1zzz@gmail.com,llzllc
czczlz@gmail.com,zzal22
acklca@gmail.com,clkcla
azccze@gmail.com,zeczka
1lzzcc@gmail.com,akeaek
cz2clz@gmail.com,ceccle
acklca@gmail.com,clkcla
1lzzcc@gmail.com,akeaek
cz2clz@gmail.com,ceccle
caz2za@gmail.com,cecac2
caz2za@gmail.com,cecac2
lk1cck@gmail.com,e11cz2
cz2kca@gmail.com,k1zzca
zllle2@gmail.com,z2a2c1
lk1cck@gmail.com,e11cz2
zllle2@gmail.com,z2a2c1
cz2kca@gmail.com,k1zzca
ca2ec2@gmail.com,lc1z2e
ca2ec2@gmail.com,lc1z2e
czczkc@gmail.com,leezc2
czczkc@gmail.com,leezc2
1czee2@gmail.com,ec1c2l
2czkkc@gmail.com,eckacl
1czee2@gmail.com,ec1c2l
2czkkc@gmail.com,eckacl
zcc12l@gmail.com,czezzk
klz2z1@gmail.com,zzzzza
zcc12l@gmail.com,czezzk
klz2z1@gmail.com,zzzzza
12la1e@gmail.com,z1kcle
12la1e@gmail.com,z1kcle
zcccca@gmail.com,lez12k
zcccca@gmail.com,lez12k
z1eca2@gmail.com,ecc2l1
ccklkl@gmail.com,zcczlz
z1eca2@gmail.com,ecc2l1
ccklkl@gmail.com,zcczlz
lazlzz@gmail.com,z11clc
ecllcl@gmail.com,zzzkk1
aczzke@gmail.com,l1lela
z1zczz@gmail.com,lkclc2
ckez1e@gmail.com,czclc1
zea1kc@gmail.com,2kzlza
cacccz@gmail.com,kkc2l2
zklczc@gmail.com,z2ckkl
czccl2@gmail.com,l1kcce
ez121c@gmail.com,ckc2kl
zkz1ek@gmail.com,ceaczc
zkz1ek@gmail.com,ceaczc
caa2la@gmail.com,1zaa1z
zczzcc@gmail.com,eleccz
zczzcc@gmail.com,eleccz
1cze1l@gmail.com,c1kz12
ezl1lz@gmail.com,l1z2zc
cllee1@gmail.com,1zz1kz
cllee1@gmail.com,1zz1kz
2lzakz@gmail.com,cz2alz
2lzakz@gmail.com,cz2alz
zkezck@gmail.com,ekezae
zkezck@gmail.com,ekezae
z1zczc@gmail.com,2lkzcz
1kee2e@gmail.com,acaezl
z1zczc@gmail.com,2lkzcz
1kee2e@gmail.com,acaezl
cezzce@gmail.com,ekkc1c
cezzce@gmail.com,ekkc1c
e112ll@gmail.com,lzzlez
c21klz@gmail.com,cl2k2z
c21klz@gmail.com,cl2k2z
2azzel@gmail.com,z12ccz
2azzel@gmail.com,z12ccz
kc1c1l@gmail.com,zealzz
kc1c1l@gmail.com,zealzz
2kk1ce@gmail.com,c2klez
alzecc@gmail.com,kzcaek
eecc21@gmail.com,c2ezce
a1ccel@gmail.com,zccccc
zceeez@gmail.com,la2zce
zkae1c@gmail.com,acz1lz
12eekl@gmail.com,az2c2c
kzzazc@gmail.com,c2z1le
1czazc@gmail.com,1lzeec
za2cec@gmail.com,lealcz
zacele@gmail.com,ezzkke
zceeaa@gmail.com,ckcce2
z122kc@gmail.com,z2lzcz
ee1zza@gmail.com,cz1acz
z1e1k2@gmail.com,aeczzc
laacca@gmail.com,zz2zz2
accaek@gmail.com,ka1kc2
c1czac@gmail.com,zkcaac
kcecec@gmail.com,ckcz2l
kcecec@gmail.com,ckcz2l
21zela@gmail.com,zel1lz
21zela@gmail.com,zel1lz
zaczcc@gmail.com,zc22el
lccczl@gmail.com,acz2ca
zaczcc@gmail.com,zc22el
lccczl@gmail.com,acz2ca
kzz2cz@gmail.com,21ck1c
2cezcc@gmail.com,2zaece
2cezcc@gmail.com,2zaece
kzz2cz@gmail.com,21ck1c
ccc12c@gmail.com,k111cl
czccce@gmail.com,eaczce
czc1k2@gmail.com,cazl1l
ccc12c@gmail.com,k111cl
czccce@gmail.com,eaczce
czc1k2@gmail.com,cazl1l
ckz1zl@gmail.com,1za1lk
ckz1zl@gmail.com,1za1lk
kccace@gmail.com,ece2kc
zzcc1z@gmail.com,kzecz1
kccace@gmail.com,ece2kc
zzcc1z@gmail.com,kzecz1
leacec@gmail.com,kzelcl
zcakaa@gmail.com,lcallc
leacec@gmail.com,kzelcl
zcakaa@gmail.com,lcallc
1cceak@gmail.com,la2ckz
1cceak@gmail.com,la2ckz
kc1ek1@gmail.com,ckeez1
c22ecc@gmail.com,zakz1c
c22ecc@gmail.com,zakz1c
kc1ek1@gmail.com,ckeez1
k1cccc@gmail.com,zalz2c
k1cccc@gmail.com,zalz2c
acllal@gmail.com,a1lcck
zcaczz@gmail.com,1e2e2c
acllal@gmail.com,a1lcck
zcaczz@gmail.com,1e2e2c
kzcck2@gmail.com,azazza
zzclc1@gmail.com,zzeckz
zzclc1@gmail.com,zzeckz
zc2c12@gmail.com,lczeza
cl1e1k@gmail.com,czz1ez
zc2c12@gmail.com,lczeza
zk111z@gmail.com,c2e1cz
cl1e1k@gmail.com,czz1ez
kzcck2@gmail.com,azazza
zk111z@gmail.com,c2e1cz
ceaaee@gmail.com,2azel1
ceaaee@gmail.com,2azel1
2lccz2@gmail.com,az2zzl
2lccz2@gmail.com,az2zzl
zklk12@gmail.com,zlcazc
zklk12@gmail.com,zlcazc
zcklec@gmail.com,k12lze
zzll2c@gmail.com,ccc2ae
z12zc1@gmail.com,zeecc1
al1cze@gmail.com,laalkc
lzaccz@gmail.com,aez2az
2calzc@gmail.com,zcczcz
lea2zc@gmail.com,ke2l2k
z211za@gmail.com,z2cccz
cl1cez@gmail.com,zc2e2z
c1azzc@gmail.com,calzll
eazkee@gmail.com,1ckzka
ccezl2@gmail.com,112ce2
1ekzlz@gmail.com,12ez2e
elaac2@gmail.com,eace22
a2kcac@gmail.com,ze1lek
1kcza1@gmail.com,zlc2ac
c121le@gmail.com,l2leza
eza2cz@gmail.com,11ca1l
ellzz1@gmail.com,ec2czl
alzac1@gmail.com,2zlzaa
cczzlc@gmail.com,lllecz
2cellz@gmail.com,zzckla
l12zll@gmail.com,aczl2c
l12zll@gmail.com,aczl2c
z2lc2z@gmail.com,zazc1c
z2lc2z@gmail.com,zazc1c
elk1az@gmail.com,ca1c2k
elk1az@gmail.com,ca1c2k
lz2l1z@gmail.com,eelzzz
lz2l1z@gmail.com,eelzzz
eazzz1@gmail.com,aalcz1
eazzz1@gmail.com,aalcz1
keeela@gmail.com,kkccez
keeela@gmail.com,kkccez
zazzca@gmail.com,ekzakc
zazzca@gmail.com,ekzakc
l22eec@gmail.com,lk1cce
l22eec@gmail.com,lk1cce
ezc12c@gmail.com,11lza2
ezc12c@gmail.com,11lza2
1c1c1e@gmail.com,1clk2k
1c1c1e@gmail.com,1clk2k
zez1le@gmail.com,zckeee
zez1le@gmail.com,zckeee
lzla2a@gmail.com,11alcz
lzla2a@gmail.com,11alcz
aaccce@gmail.com,klczee
aaccce@gmail.com,klczee
2ae12e@gmail.com,kkkzl2
2ae12e@gmail.com,kkkzl2
ca1a2k@gmail.com,l2ce1l
ca1a2k@gmail.com,l2ce1l
cckeka@gmail.com,e1aaz2
cckeka@gmail.com,e1aaz2
a2c21e@gmail.com,2zceka
a2c21e@gmail.com,2zceka
kac12z@gmail.com,kezccz
kac12z@gmail.com,kezccz
ak1zcl@gmail.com,zezzaz
ak1zcl@gmail.com,zezzaz
kczczk@gmail.com,ccecec
kczczk@gmail.com,ccecec
lzlcz2@gmail.com,kelkz1
lzlcz2@gmail.com,kelkz1
lca1cc@gmail.com,zaa2ac
lca1cc@gmail.com,zaa2ac
ek21ae@gmail.com,2eclza
ek21ae@gmail.com,2eclza
k2ae1z@gmail.com,kec22l
k2ae1z@gmail.com,kec22l
lae2az@gmail.com,e11zcl
lae2az@gmail.com,e11zcl
azzc2a@gmail.com,lcczlk
azzc2a@gmail.com,lcczlk
1eea2c@gmail.com,ezzklz
1eea2c@gmail.com,ezzklz
2l2cee@gmail.com,z2la1l
2l2cee@gmail.com,z2la1l
ka1lel@gmail.com,l1zaca
ka1lel@gmail.com,l1zaca
zk1clz@gmail.com,clcazk
zk1clz@gmail.com,clcazk
22kzlz@gmail.com,1ca2zz
22kzlz@gmail.com,1ca2zz
e21all@gmail.com,2c21zc
e21all@gmail.com,2c21zc
1czzck@gmail.com,2lakaa
1czzck@gmail.com,2lakaa
k1cl2e@gmail.com,z21ell
k1cl2e@gmail.com,z21ell
clceaa@gmail.com,ce1ccl
clceaa@gmail.com,ce1ccl
e12zcl@gmail.com,ccczcc
e12zcl@gmail.com,ccczcc
l12zcl@gmail.com,lzkaez
l12zcl@gmail.com,lzkaez
k2caze@gmail.com,eccak2
k2caze@gmail.com,eccak2
z1e2ka@gmail.com,azlzaz
z1e2ka@gmail.com,azlzaz
kkazlc@gmail.com,z1kzla
kkazlc@gmail.com,z1kzla
a2kecc@gmail.com,az2ekz
a2kecc@gmail.com,az2ekz
llzaae@gmail.com,c1zlz2
llzaae@gmail.com,c1zlz2
1czzcl@gmail.com,klcc2z
1czzcl@gmail.com,klcc2z
2kccac@gmail.com,c2zczl
2kccac@gmail.com,c2zczl
c11ccc@gmail.com,alaaal
c11ccc@gmail.com,alaaal
lklaaz@gmail.com,czccka
lklaaz@gmail.com,czccka
zz12zk@gmail.com,ckk222
zz12zk@gmail.com,ckk222
c1akkk@gmail.com,le2llz
c1akkk@gmail.com,le2llz
1clzz1@gmail.com,21ee1k
1clzz1@gmail.com,21ee1k
eccc1c@gmail.com,ale1zk
eccc1c@gmail.com,ale1zk
1llkc1@gmail.com,ecl2cz
1llkc1@gmail.com,ecl2cz
z2cl1c@gmail.com,2c2e1a
z2cl1c@gmail.com,2c2e1a
czc2ak@gmail.com,k1ce1l
czc2ak@gmail.com,k1ce1l
e2kcz2@gmail.com,a2zccc
e2kcz2@gmail.com,a2zccc
1kzecc@gmail.com,zckzel
1kzecc@gmail.com,zckzel
k21lck@gmail.com,eklccz
k21lck@gmail.com,eklccz
zcclzc@gmail.com,c221ea
zcclzc@gmail.com,c221ea
zzez2e@gmail.com,212c2c
zzez2e@gmail.com,212c2c
cckcka@gmail.com,zzlccz
cckcka@gmail.com,zzlccz
k2lc2c@gmail.com,lk2zcz
k2lc2c@gmail.com,lk2zcz
2c1lee@gmail.com,ckal1c
2c1lee@gmail.com,ckal1c
zk11cz@gmail.com,2akl1z
zk11cz@gmail.com,2akl1z
llc2aa@gmail.com,ezazea
llc2aa@gmail.com,ezazea
llae2e@gmail.com,2zzaz2
llae2e@gmail.com,2zzaz2
eckzak@gmail.com,czcecc
eckzak@gmail.com,czcecc
z2kzcc@gmail.com,c1lalz
z2kzcc@gmail.com,c1lalz
12eec1@gmail.com,ccc1el
12eec1@gmail.com,ccc1el
kc11cc@gmail.com,zzzz1c
kc11cc@gmail.com,zzzz1c
zacl2l@gmail.com,2zzeca
zacl2l@gmail.com,2zzeca
1z2zc2@gmail.com,l1cezc
1z2zc2@gmail.com,l1cezc
llzcel@gmail.com,1e2llk
llzcel@gmail.com,1e2llk
c1acec@gmail.com,cl1k22
c1acec@gmail.com,cl1k22
zzcezl@gmail.com,cckccz
zzcezl@gmail.com,cckccz
1ae2ak@gmail.com,c2azcz
1ae2ak@gmail.com,c2azcz
cz2zcl@gmail.com,cz1cz1
cz2zcl@gmail.com,cz1cz1
zlkzae@gmail.com,cz2zzz
zlkzae@gmail.com,cz2zzz
ecezee@gmail.com,zeclzl
ecezee@gmail.com,zeclzl
lze2c1@gmail.com,2kce2z
lze2c1@gmail.com,2kce2z
zkz1a2@gmail.com,cac1kz
zkz1a2@gmail.com,cac1kz
1z1ckz@gmail.com,ck1clc
1z1ckz@gmail.com,ck1clc
kkk2el@gmail.com,czkalc
kkk2el@gmail.com,czkalc
1a2c11@gmail.com,2a1elc
1a2c11@gmail.com,2a1elc
zzck22@gmail.com,lczcca
zzck22@gmail.com,lczcca
kkz2ke@gmail.com,ckkcez
kkz2ke@gmail.com,ckkcez
2k1112@gmail.com,zllzac
2k1112@gmail.com,zllzac
2azzcc@gmail.com,aczz2l
2azzcc@gmail.com,aczz2l
cl1lcc@gmail.com,lz222e
cl1lcc@gmail.com,lz222e
lzk2ez@gmail.com,lcaezc
lzk2ez@gmail.com,lcaezc
lelalz@gmail.com,1ekkl2
lelalz@gmail.com,1ekkl2
e11aea@gmail.com,c22lza
e11aea@gmail.com,c22lza
kaccez@gmail.com,zcce1e
kaccez@gmail.com,zcce1e
aeeczc@gmail.com,za1ckz
aeeczc@gmail.com,za1ckz
c1a2ce@gmail.com,lca12e
c1a2ce@gmail.com,lca12e
ze2llc@gmail.com,c2elcz
ze2llc@gmail.com,c2elcz
2al2lc@gmail.com,ee1acz
2al2lc@gmail.com,ee1acz
2cekaz@gmail.com,1lccca
2cekaz@gmail.com,1lccca
k2zcca@gmail.com,aa1a2a
k2zcca@gmail.com,aa1a2a
1ccelk@gmail.com,l1elzk
1ccelk@gmail.com,l1elzk
ccc2al@gmail.com,kc21az
ccc2al@gmail.com,kc21az
kc2azl@gmail.com,k2zczc
kc2azl@gmail.com,k2zczc
